{
    "a": 1.2993556014357674,
    "b": 0.4848605965470159,
    "s_factor": 2.420800000000888,
    "k": 5,
    "cost": 0.017135360696938096
}