{
    "a": 1.0929869015075069,
    "b": 0.4905365714655384,
    "s_factor": 3.300000000000002,
    "k": 5,
    "cost": 0.006644154715342574
}